filename,width,height,class,xmin,ymin,xmax,ymax
training_1.png,1920,1080,messi,919, 602, 968, 709
training_2.png,1920,1080,messi,917, 611, 966, 718
training_3.png,1920,1080,messi,906, 583, 955, 690
training_4.png,1920,1080,messi,913, 558, 962, 665
training_5.png,1920,1080,messi,994, 539, 1043, 646
training_6.png,1920,1080,messi,1007, 521, 1056, 628
training_7.png,1920,1080,messi,1003, 531, 1052, 638
training_8.png,1920,1080,messi,1040, 575, 1089, 682
training_9.png,1920,1080,messi,1086, 581, 1135, 688
training_10.png,1920,1080,messi,1113, 583, 1162, 690
training_11.png,1920,1080,messi,1200, 585, 1249, 692
training_12.png,1920,1080,messi,1356, 591, 1423, 738
training_13.png,1920,1080,messi,1364, 595, 1431, 742
training_14.png,1920,1080,messi,1372, 589, 1439, 736
training_15.png,1920,1080,messi,1364, 595, 1431, 742
training_16.png,1920,1080,messi,1480, 603, 1547, 750
training_17.png,1920,1080,messi,1468, 597, 1535, 744
training_22.png,1920,1080,messi,1772, 761, 1839, 915
training_23.png,1920,1080,messi,1764, 715, 1831, 869
training_24.png,1920,1080,messi,1644, 687, 1711, 841
training_25.png,1920,1080,messi,1574, 673, 1641, 827
training_26.png,1920,1080,messi,1486, 679, 1553, 833
training_27.png,1920,1080,messi,1386, 677, 1453, 831
training_28.png,1920,1080,messi,1388, 671, 1455, 825
training_29.png,1920,1080,messi,1474, 681, 1541, 835
training_30.png,1920,1080,messi,1528, 701, 1595, 855
training_31.png,1920,1080,messi,1474, 705, 1541, 859
training_32.png,1920,1080,messi,1394, 697, 1461, 851
training_33.png,1920,1080,messi,1320, 687, 1387, 841
training_34.png,1920,1080,messi,1168, 623, 1235, 777
training_36.png,1920,1080,messi,871, 512, 929, 638
training_37.png,1920,1080,messi,965, 530, 1023, 656
training_38.png,1920,1080,messi,1113, 508, 1171, 634
training_39.png,1920,1080,messi,1109, 448, 1167, 574
training_40.png,1920,1080,messi,991, 522, 1049, 648
training_41.png,1920,1080,messi,949, 598, 1007, 724
training_42.png,1920,1080,messi,1035, 682, 1093, 808
training_43.png,1920,1080,messi,1039, 746, 1097, 872
training_44.png,1920,1080,messi,1075, 770, 1133, 896
training_45.png,1920,1080,messi,1039, 758, 1097, 884
training_47.png,1920,1080,messi,489, 784, 568, 914
training_48.png,1920,1080,messi,729, 794, 808, 924
training_49.png,1920,1080,messi,783, 810, 862, 940
training_50.png,1920,1080,messi,765, 790, 844, 920
training_51.png,1920,1080,messi,633, 814, 721, 951
training_52.png,1920,1080,messi,659, 812, 747, 949
training_53.png,1920,1080,messi,889, 788, 977, 925
training_54.png,1920,1080,messi,1217, 788, 1305, 925
training_56.png,1920,1080,messi,1121, 665, 1211, 828
training_57.png,1920,1080,messi,1269, 671, 1359, 834
training_59.png,1920,1080,messi,1330, 653, 1390, 776
training_60.png,1920,1080,messi,1302, 667, 1362, 790
training_61.png,1920,1080,messi,1240, 655, 1300, 778
training_62.png,1920,1080,messi,1128, 641, 1188, 764
training_63.png,1920,1080,messi,1048, 611, 1108, 734
training_64.png,1920,1080,messi,950, 617, 1010, 740
training_65.png,1920,1080,messi,794, 573, 854, 696
training_66.png,1920,1080,messi,706, 534, 782, 698
training_67.png,1920,1080,messi,714, 516, 790, 680
training_68.png,1920,1080,messi,606, 514, 682, 678
training_69.png,1920,1080,messi,410, 536, 486, 700
training_70.png,1920,1080,messi,280, 570, 356, 734
training_82.png,1920,1080,messi,917, 699, 994, 842
training_83.png,1920,1080,messi,749, 721, 826, 864
training_84.png,1920,1080,messi,619, 727, 696, 870
training_85.png,1920,1080,messi,593, 707, 670, 850
training_86.png,1920,1080,messi,635, 685, 712, 828
training_87.png,1920,1080,messi,635, 679, 712, 822
training_89.png,1920,1080,messi,1633, 647, 1699, 777
training_90.png,1920,1080,messi,1501, 643, 1567, 773
training_91.png,1920,1080,messi,1297, 627, 1363, 757
training_92.png,1920,1080,messi,1169, 623, 1235, 753
training_93.png,1920,1080,messi,1097, 607, 1163, 737
training_94.png,1920,1080,messi,1025, 607, 1091, 737
training_95.png,1920,1080,messi,929, 624, 995, 744
training_96.png,1920,1080,messi,953, 666, 1019, 786
training_97.png,1920,1080,messi,927, 688, 993, 808
training_98.png,1920,1080,messi,947, 684, 1013, 804
training_99.png,1920,1080,messi,1005, 668, 1071, 788
training_100.png,1920,1080,messi,1109, 632, 1175, 752
training_101.png,1920,1080,messi,1241, 600, 1307, 720
training_102.png,1920,1080,messi,1313, 584, 1379, 704
training_103.png,1920,1080,messi,1311, 586, 1377, 706
training_104.png,1920,1080,messi,1177, 570, 1243, 690
training_105.png,1920,1080,messi,1095, 578, 1161, 698
training_106.png,1920,1080,messi,1075, 582, 1141, 702
training_107.png,1920,1080,messi,1057, 576, 1123, 696
training_108.png,1920,1080,messi,1073, 560, 1139, 680
training_109.png,1920,1080,messi,1053, 536, 1119, 656
training_110.png,1920,1080,messi,947, 504, 1013, 624
training_111.png,1920,1080,messi,899, 480, 965, 600
training_112.png,1920,1080,messi,1105, 468, 1171, 588
training_113.png,1920,1080,messi,1087, 450, 1153, 570
training_114.png,1920,1080,messi,935, 432, 1001, 552
training_115.png,1920,1080,messi,819, 414, 885, 534
training_116.png,1920,1080,messi,761, 414, 827, 534
training_118.png,1920,1080,messi,252, 792, 326, 946
training_119.png,1920,1080,messi,220, 898, 294, 1052
training_120.png,1920,1080,messi,222, 900, 296, 1054
training_121.png,1920,1080,messi,238, 890, 312, 1044
training_122.png,1920,1080,messi,368, 866, 442, 1020
training_123.png,1920,1080,messi,682, 836, 756, 990
training_124.png,1920,1080,messi,1095, 761, 1191, 939
training_125.png,1920,1080,messi,1157, 709, 1253, 887
training_126.png,1920,1080,messi,1217, 653, 1313, 831
training_127.png,1920,1080,messi,1053, 625, 1149, 803
training_128.png,1920,1080,messi,887, 591, 983, 769
training_129.png,1920,1080,messi,795, 551, 891, 729
training_131.png,1920,1080,messi,922, 765, 988, 903
training_132.png,1920,1080,messi,878, 729, 944, 867
training_133.png,1920,1080,messi,848, 695, 914, 833
training_134.png,1920,1080,messi,850, 647, 916, 785
training_135.png,1920,1080,messi,882, 613, 948, 751
training_136.png,1920,1080,messi,908, 567, 974, 705
training_137.png,1920,1080,messi,892, 557, 958, 695
training_138.png,1920,1080,messi,1049, 567, 1107, 677
training_139.png,1920,1080,messi,1092, 586, 1150, 696
training_141.png,1920,1080,messi,659, 586, 720, 677
training_142.png,1920,1080,messi,697, 582, 758, 673
training_143.png,1920,1080,messi,630, 577, 691, 668
training_145.png,1920,1080,messi,358, 572, 411, 689
training_146.png,1920,1080,messi,414, 552, 467, 669
training_147.png,1920,1080,messi,419, 516, 472, 633
training_148.png,1920,1080,messi,398, 487, 451, 604
training_150.png,1920,1080,messi,429, 677, 507, 799
training_153.png,1920,1080,messi,1062, 587, 1122, 708
training_154.png,1920,1080,messi,1014, 529, 1074, 650
training_155.png,1920,1080,messi,938, 503, 998, 624
training_156.png,1920,1080,messi,1010, 501, 1070, 622
training_157.png,1920,1080,messi,1134, 489, 1194, 610
training_158.png,1920,1080,messi,1206, 459, 1266, 580
training_159.png,1920,1080,messi,1192, 457, 1252, 578
training_160.png,1920,1080,messi,1182, 463, 1242, 584
training_161.png,1920,1080,messi,1142, 469, 1202, 590
training_162.png,1920,1080,messi,1206, 533, 1266, 654
training_163.png,1920,1080,messi,1176, 605, 1236, 726
training_164.png,1920,1080,messi,842, 785, 918, 942
training_165.png,1920,1080,messi,728, 841, 804, 998
training_166.png,1920,1080,messi,650, 825, 726, 982
training_167.png,1920,1080,messi,743, 742, 826, 889
training_168.png,1920,1080,messi,697, 696, 780, 843
training_169.png,1920,1080,messi,679, 670, 762, 817
training_170.png,1920,1080,messi,603, 650, 686, 797
training_171.png,1920,1080,messi,635, 632, 718, 779
training_172.png,1920,1080,messi,789, 638, 872, 785
training_173.png,1920,1080,messi,861, 662, 944, 809
training_174.png,1920,1080,messi,823, 674, 906, 821
training_175.png,1920,1080,messi,839, 664, 922, 811
training_176.png,1920,1080,messi,909, 668, 992, 815
training_177.png,1920,1080,messi,1069, 676, 1152, 823
training_178.png,1920,1080,messi,1055, 702, 1138, 849
training_179.png,1920,1080,messi,915, 740, 998, 887
training_180.png,1920,1080,messi,775, 768, 858, 915
training_181.png,1920,1080,messi,477, 696, 554, 828
training_182.png,1920,1080,messi,529, 694, 606, 826
training_183.png,1920,1080,messi,589, 686, 666, 818
training_184.png,1920,1080,messi,699, 674, 776, 806
training_185.png,1920,1080,messi,775, 660, 852, 792
training_186.png,1920,1080,messi,779, 656, 856, 788
training_187.png,1920,1080,messi,921, 648, 998, 780
training_188.png,1920,1080,messi,1043, 522, 1090, 629
training_189.png,1920,1080,messi,1027, 554, 1074, 661
training_190.png,1920,1080,messi,938, 603, 985, 710
training_191.png,1920,1080,messi,855, 607, 902, 714
training_194.png,1920,1080,messi,621, 733, 691, 864
training_195.png,1920,1080,messi,579, 745, 649, 876
training_196.png,1920,1080,messi,623, 745, 693, 876
training_197.png,1920,1080,messi,675, 737, 745, 868
training_198.png,1920,1080,messi,649, 737, 719, 868
training_199.png,1920,1080,messi,639, 735, 709, 866
training_200.png,1920,1080,messi,647, 717, 717, 848
training_201.png,1920,1080,messi,758, 684, 846, 830
training_202.png,1920,1080,messi,750, 660, 838, 806
training_203.png,1920,1080,messi,688, 672, 776, 818
training_204.png,1920,1080,messi,678, 642, 766, 788
training_205.png,1920,1080,messi,534, 654, 622, 800
training_207.png,1920,1080,messi,400, 680, 460, 810
training_208.png,1920,1080,messi,384, 658, 444, 788
training_209.png,1920,1080,messi,364, 630, 424, 760
training_210.png,1920,1080,messi,336, 608, 396, 738
training_216.png,1920,1080,messi,640, 644, 716, 768
training_217.png,1920,1080,messi,668, 646, 744, 770
training_218.png,1920,1080,messi,694, 642, 770, 766
training_219.png,1920,1080,messi,963, 617, 1022, 742
training_220.png,1920,1080,messi,1101, 549, 1160, 674
training_221.png,1920,1080,messi,1227, 485, 1286, 610
training_222.png,1920,1080,messi,746, 563, 810, 676
training_223.png,1920,1080,messi,650, 579, 714, 692
training_224.png,1920,1080,messi,600, 577, 664, 690
training_225.png,1920,1080,messi,542, 573, 606, 686
training_226.png,1920,1080,messi,690, 571, 754, 684
training_227.png,1920,1080,messi,728, 565, 792, 678
training_228.png,1920,1080,messi,792, 573, 856, 686
training_229.png,1920,1080,messi,948, 529, 1012, 642
training_231.png,1920,1080,messi,1161, 611, 1222, 728
training_232.png,1920,1080,messi,1089, 611, 1150, 728
training_233.png,1920,1080,messi,1013, 629, 1074, 746
training_234.png,1920,1080,messi,941, 655, 1002, 772
training_235.png,1920,1080,messi,764, 655, 835, 792
training_236.png,1920,1080,messi,738, 635, 809, 772
training_239.png,1920,1080,messi,593, 763, 660, 904
training_240.png,1920,1080,messi,765, 739, 832, 880
training_241.png,1920,1080,messi,701, 723, 768, 864
training_242.png,1920,1080,messi,629, 711, 696, 852
training_243.png,1920,1080,messi,495, 711, 562, 852
training_244.png,1920,1080,messi,465, 717, 532, 858
training_245.png,1920,1080,messi,487, 709, 554, 850
training_246.png,1920,1080,messi,679, 667, 746, 808
training_249.png,1920,1080,messi,1182, 495, 1255, 613
training_250.png,1920,1080,messi,1062, 443, 1135, 561
training_251.png,1920,1080,messi,916, 473, 989, 591
training_253.png,1920,1080,messi,490, 639, 576, 759
training_254.png,1920,1080,messi,482, 609, 568, 729
training_255.png,1920,1080,messi,390, 583, 476, 703
training_256.png,1920,1080,messi,416, 557, 502, 677
training_257.png,1920,1080,messi,396, 553, 482, 673
training_258.png,1920,1080,messi,290, 627, 376, 747
training_259.png,1920,1080,messi,316, 665, 402, 785
training_260.png,1920,1080,messi,735, 554, 803, 689
training_261.png,1920,1080,messi,647, 546, 715, 681
training_262.png,1920,1080,messi,599, 532, 667, 667
training_263.png,1920,1080,messi,545, 520, 613, 655
training_264.png,1920,1080,messi,641, 514, 709, 649
training_265.png,1920,1080,messi,517, 544, 585, 679
training_266.png,1920,1080,messi,445, 578, 513, 713
training_267.png,1920,1080,messi,525, 588, 593, 723
training_268.png,1920,1080,messi,685, 584, 753, 719
training_269.png,1920,1080,messi,1087, 542, 1157, 679
training_270.png,1920,1080,messi,1015, 538, 1085, 675
training_271.png,1920,1080,messi,1083, 480, 1153, 617
training_272.png,1920,1080,messi,1229, 434, 1299, 571
training_273.png,1920,1080,messi,1217, 424, 1287, 561
training_275.png,1920,1080,messi,1194, 737, 1249, 858
training_276.png,1920,1080,messi,1174, 731, 1229, 852
training_277.png,1920,1080,messi,1090, 737, 1145, 858
training_278.png,1920,1080,messi,954, 739, 1009, 860
training_279.png,1920,1080,messi,800, 733, 855, 854
training_280.png,1920,1080,messi,862, 719, 917, 840
training_281.png,1920,1080,messi,923, 536, 974, 648
training_282.png,1920,1080,messi,986, 545, 1037, 657
training_283.png,1920,1080,messi,931, 553, 982, 665
training_284.png,1920,1080,messi,851, 600, 902, 712
training_285.png,1920,1080,messi,804, 626, 855, 738
training_286.png,1920,1080,messi,833, 620, 884, 732
training_287.png,1920,1080,messi,912, 607, 963, 719
training_288.png,1920,1080,messi,1029, 591, 1080, 703
training_289.png,1920,1080,messi,1111, 578, 1162, 690
training_290.png,1920,1080,messi,1181, 581, 1232, 693
training_293.png,1920,1080,messi,465, 718, 525, 857
training_294.png,1920,1080,messi,461, 730, 521, 869
training_295.png,1920,1080,messi,465, 714, 525, 853
training_296.png,1920,1080,messi,517, 706, 577, 845
training_297.png,1920,1080,messi,617, 676, 677, 815
training_298.png,1920,1080,messi,613, 658, 673, 797
training_299.png,1920,1080,messi,593, 638, 653, 777
training_300.png,1920,1080,messi,517, 634, 577, 773
training_301.png,1920,1080,messi,547, 632, 607, 771
training_303.png,1920,1080,messi,1040, 572, 1088, 684
training_305.png,1920,1080,messi,687, 618, 762, 719
training_306.png,1920,1080,messi,745, 632, 820, 733
training_307.png,1920,1080,messi,733, 662, 808, 763
training_308.png,1920,1080,messi,727, 698, 802, 799
training_310.png,1920,1080,messi,599, 619, 690, 777
training_311.png,1920,1080,messi,487, 603, 578, 761
training_312.png,1920,1080,messi,271, 563, 362, 721
training_313.png,1920,1080,messi,159, 557, 250, 715
training_314.png,1920,1080,messi,27, 585, 118, 743
training_317.png,1920,1080,messi,821, 637, 877, 748
training_318.png,1920,1080,messi,869, 628, 925, 739
training_319.png,1920,1080,messi,925, 619, 981, 730
training_320.png,1920,1080,messi,978, 605, 1034, 716
training_321.png,1920,1080,messi,1010, 590, 1066, 701
training_322.png,1920,1080,messi,1041, 570, 1097, 681
training_324.png,1920,1080,messi,1423, 682, 1467, 801
training_325.png,1920,1080,messi,1355, 665, 1399, 784
training_326.png,1920,1080,messi,1257, 647, 1301, 766
training_327.png,1920,1080,messi,562, 713, 618, 830
training_328.png,1920,1080,messi,518, 703, 574, 820
training_329.png,1920,1080,messi,458, 689, 514, 806
training_330.png,1920,1080,messi,412, 667, 468, 784
training_331.png,1920,1080,messi,398, 649, 454, 766
training_332.png,1920,1080,messi,432, 633, 488, 750
training_333.png,1920,1080,messi,454, 611, 510, 728
training_334.png,1920,1080,messi,476, 595, 532, 712
training_335.png,1920,1080,messi,492, 573, 548, 690
training_336.png,1920,1080,messi,510, 557, 566, 674
training_338.png,1920,1080,messi,415, 474, 472, 581
training_340.png,1920,1080,messi,756, 524, 815, 631
training_341.png,1920,1080,messi,780, 503, 839, 610
training_343.png,1920,1080,messi,959, 491, 1018, 598
training_344.png,1920,1080,messi,983, 481, 1042, 588
training_345.png,1920,1080,messi,951, 480, 1010, 587
training_348.png,1920,1080,messi,1146, 726, 1207, 841
training_349.png,1920,1080,messi,1188, 758, 1249, 873
training_350.png,1920,1080,messi,1208, 780, 1269, 895
training_351.png,1920,1080,messi,1236, 800, 1297, 915
training_352.png,1920,1080,messi,1108, 808, 1169, 923
training_353.png,1920,1080,messi,1032, 796, 1093, 911
training_354.png,1920,1080,messi,1062, 756, 1123, 871
training_355.png,1920,1080,messi,1210, 716, 1271, 831
training_356.png,1920,1080,messi,1376, 696, 1437, 811
training_357.png,1920,1080,messi,1472, 676, 1533, 791
training_358.png,1920,1080,messi,1472, 626, 1533, 741
training_359.png,1920,1080,messi,1257, 633, 1320, 744
training_360.png,1920,1080,messi,1217, 627, 1280, 738
training_361.png,1920,1080,messi,1167, 621, 1230, 732
training_362.png,1920,1080,messi,1131, 615, 1194, 726
training_363.png,1920,1080,messi,1087, 607, 1150, 718
training_364.png,1920,1080,messi,1007, 605, 1070, 716
training_365.png,1920,1080,messi,963, 615, 1026, 726
training_366.png,1920,1080,messi,943, 617, 1006, 728
training_367.png,1920,1080,messi,945, 613, 1008, 724
training_368.png,1920,1080,messi,969, 629, 1032, 740
training_369.png,1920,1080,messi,1029, 641, 1092, 752
training_370.png,1920,1080,messi,1017, 651, 1080, 762
training_371.png,1920,1080,messi,1005, 645, 1068, 756
training_372.png,1920,1080,messi,1003, 637, 1066, 748
training_373.png,1920,1080,messi,1057, 633, 1120, 744
training_374.png,1920,1080,messi,1079, 629, 1142, 740
training_375.png,1920,1080,messi,999, 625, 1062, 736
training_376.png,1920,1080,messi,1029, 625, 1092, 736
training_377.png,1920,1080,messi,1435, 571, 1494, 679
training_378.png,1920,1080,messi,1397, 561, 1456, 669
training_379.png,1920,1080,messi,1372, 555, 1431, 663
training_380.png,1920,1080,messi,1344, 548, 1403, 656
training_382.png,1920,1080,messi,301, 810, 378, 945
training_384.png,1920,1080,messi,709, 340, 778, 470
training_389.png,1920,1080,messi,876, 490, 945, 609
training_390.png,1920,1080,messi,808, 490, 877, 609
training_391.png,1920,1080,messi,690, 504, 759, 623
training_392.png,1920,1080,messi,634, 540, 703, 659
training_393.png,1920,1080,messi,716, 610, 785, 729
training_394.png,1920,1080,messi,750, 658, 819, 777
training_395.png,1920,1080,messi,726, 680, 795, 799
training_396.png,1920,1080,messi,676, 698, 745, 817
training_397.png,1920,1080,messi,668, 684, 737, 803
training_398.png,1920,1080,messi,706, 660, 775, 779
training_399.png,1920,1080,messi,848, 644, 917, 763
training_400.png,1920,1080,messi,956, 626, 1025, 745
training_401.png,1920,1080,messi,1048, 634, 1117, 753
training_402.png,1920,1080,messi,1034, 644, 1103, 763
training_403.png,1920,1080,messi,874, 644, 943, 763
training_404.png,1920,1080,messi,736, 666, 805, 785
training_405.png,1920,1080,messi,716, 688, 785, 807
training_406.png,1920,1080,messi,786, 675, 856, 817
training_407.png,1920,1080,messi,882, 685, 952, 827
training_408.png,1920,1080,messi,912, 677, 982, 819
training_409.png,1920,1080,messi,952, 685, 1022, 827
training_410.png,1920,1080,messi,936, 685, 1006, 827
training_411.png,1920,1080,messi,782, 643, 852, 785
training_412.png,1920,1080,messi,628, 607, 698, 749
training_413.png,1920,1080,messi,564, 577, 634, 719
training_414.png,1920,1080,messi,578, 595, 648, 737
training_415.png,1920,1080,messi,528, 595, 598, 737
training_418.png,1920,1080,messi,992, 664, 1054, 794
training_419.png,1920,1080,messi,976, 648, 1038, 778
training_420.png,1920,1080,messi,870, 648, 932, 778
training_421.png,1920,1080,messi,812, 678, 874, 808
training_422.png,1920,1080,messi,766, 698, 828, 828
training_423.png,1920,1080,messi,686, 704, 748, 834
training_424.png,1920,1080,messi,534, 706, 596, 836
training_425.png,1920,1080,messi,581, 528, 644, 673
training_426.png,1920,1080,messi,457, 522, 520, 667
training_427.png,1920,1080,messi,349, 518, 412, 663
training_428.png,1920,1080,messi,349, 514, 412, 659
training_429.png,1920,1080,messi,351, 518, 414, 663
training_430.png,1920,1080,messi,475, 536, 538, 681
training_431.png,1920,1080,messi,565, 584, 628, 729
training_432.png,1920,1080,messi,595, 638, 658, 783
training_433.png,1920,1080,messi,571, 656, 634, 801
training_434.png,1920,1080,messi,567, 656, 630, 801
training_435.png,1920,1080,messi,447, 686, 510, 831
training_436.png,1920,1080,messi,453, 706, 516, 851
training_437.png,1920,1080,messi,475, 694, 538, 839
training_438.png,1920,1080,messi,503, 504, 559, 607
training_439.png,1920,1080,messi,430, 525, 486, 628
training_440.png,1920,1080,messi,559, 578, 615, 681
training_442.png,1920,1080,messi,850, 528, 901, 659
training_443.png,1920,1080,messi,816, 524, 867, 655
training_444.png,1920,1080,messi,832, 530, 883, 661
training_445.png,1920,1080,messi,774, 542, 825, 673
training_446.png,1920,1080,messi,810, 558, 861, 689
training_447.png,1920,1080,messi,986, 558, 1037, 689
training_448.png,1920,1080,messi,1118, 568, 1169, 699
training_449.png,1920,1080,messi,914, 696, 1002, 830
training_450.png,1920,1080,messi,876, 702, 964, 836
training_451.png,1920,1080,messi,876, 684, 964, 818
training_452.png,1920,1080,messi,872, 684, 960, 818
training_453.png,1920,1080,messi,884, 684, 981, 848
training_455.png,1920,1080,messi,717, 535, 797, 654
training_456.png,1920,1080,messi,753, 507, 833, 626
training_457.png,1920,1080,messi,701, 483, 781, 602
training_458.png,1920,1080,messi,581, 455, 661, 574
training_459.png,1920,1080,messi,577, 429, 657, 548
training_460.png,1920,1080,messi,801, 433, 881, 552
training_461.png,1920,1080,messi,767, 406, 820, 519
training_462.png,1920,1080,messi,750, 410, 803, 523
training_463.png,1920,1080,messi,745, 406, 798, 519
training_464.png,1920,1080,messi,709, 409, 762, 522
training_466.png,1920,1080,messi,552, 677, 612, 792
training_467.png,1920,1080,messi,646, 689, 706, 804
training_468.png,1920,1080,messi,720, 679, 780, 794
training_469.png,1920,1080,messi,774, 659, 834, 774
training_470.png,1920,1080,messi,792, 677, 852, 792
training_471.png,1920,1080,messi,858, 699, 918, 814
training_472.png,1920,1080,messi,1084, 673, 1144, 788
training_473.png,1920,1080,messi,1322, 613, 1393, 735
training_474.png,1920,1080,messi,1332, 547, 1403, 669
training_475.png,1920,1080,messi,1136, 467, 1207, 589
training_476.png,1920,1080,messi,884, 427, 955, 549
training_477.png,1920,1080,messi,722, 409, 793, 531
training_478.png,1920,1080,messi,464, 591, 532, 717
training_479.png,1920,1080,messi,334, 609, 402, 735
training_480.png,1920,1080,messi,316, 621, 384, 747
training_481.png,1920,1080,messi,508, 611, 576, 737
training_482.png,1920,1080,messi,678, 567, 746, 693
training_483.png,1920,1080,messi,630, 555, 698, 681
training_484.png,1920,1080,messi,510, 541, 578, 667
training_485.png,1920,1080,messi,474, 515, 542, 641
training_486.png,1920,1080,messi,404, 467, 472, 593
training_487.png,1920,1080,messi,370, 457, 438, 583
training_488.png,1920,1080,messi,416, 419, 484, 545
training_489.png,1920,1080,messi,436, 419, 504, 545
training_490.png,1920,1080,messi,516, 435, 584, 561
training_492.png,1920,1080,messi,896, 617, 961, 748
training_493.png,1920,1080,messi,826, 627, 891, 758
training_494.png,1920,1080,messi,720, 631, 785, 762
training_496.png,1920,1080,messi,393, 748, 480, 892
training_497.png,1920,1080,messi,463, 742, 550, 886
training_498.png,1920,1080,messi,409, 760, 496, 904
training_499.png,1920,1080,messi,373, 766, 460, 910
training_500.png,1920,1080,messi,403, 788, 490, 932
training_501.png,1920,1080,messi,457, 772, 544, 916
training_502.png,1920,1080,messi,343, 748, 430, 892
training_503.png,1920,1080,messi,201, 728, 288, 872
training_504.png,1920,1080,messi,157, 760, 244, 904
training_506.png,1920,1080,messi,338, 686, 452, 839
training_507.png,1920,1080,messi,266, 658, 380, 811
training_508.png,1920,1080,messi,410, 578, 524, 731
training_509.png,1920,1080,messi,676, 478, 790, 631
training_510.png,1920,1080,messi,724, 466, 838, 619
training_511.png,1920,1080,messi,531, 609, 643, 785
training_512.png,1920,1080,messi,755, 563, 867, 739
training_513.png,1920,1080,messi,901, 535, 1013, 711
training_514.png,1920,1080,messi,897, 475, 1009, 651
training_516.png,1920,1080,messi,1001, 682, 1103, 815
training_517.png,1920,1080,messi,885, 708, 987, 841
training_518.png,1920,1080,messi,625, 750, 727, 883
training_519.png,1920,1080,messi,517, 821, 606, 993
training_520.png,1920,1080,messi,459, 861, 548, 1033
training_521.png,1920,1080,messi,189, 1021, 278, 1080
training_525.png,1920,1080,messi,719, 373, 772, 471
training_526.png,1920,1080,messi,672, 389, 725, 487
training_527.png,1920,1080,messi,702, 403, 755, 501
training_529.png,1920,1080,messi,503, 690, 591, 835
training_530.png,1920,1080,messi,567, 690, 655, 835
training_531.png,1920,1080,messi,619, 708, 707, 853
training_532.png,1920,1080,messi,793, 674, 881, 819
training_533.png,1920,1080,messi,851, 600, 939, 745
training_534.png,1920,1080,messi,851, 536, 939, 681
training_535.png,1920,1080,messi,926, 496, 974, 602
training_536.png,1920,1080,messi,920, 488, 968, 594
training_539.png,1920,1080,messi,457, 602, 523, 735
training_540.png,1920,1080,messi,445, 604, 511, 737
training_541.png,1920,1080,messi,403, 604, 469, 737
training_542.png,1920,1080,messi,339, 620, 405, 753
training_543.png,1920,1080,messi,201, 662, 267, 795
training_544.png,1920,1080,messi,227, 702, 293, 835
training_545.png,1920,1080,messi,263, 710, 329, 843
training_546.png,1920,1080,messi,279, 680, 345, 813
training_547.png,1920,1080,messi,299, 662, 365, 795
training_548.png,1920,1080,messi,357, 646, 423, 779
training_549.png,1920,1080,messi,351, 646, 417, 779
training_550.png,1920,1080,messi,347, 652, 413, 785
training_551.png,1920,1080,messi,501, 648, 567, 781
training_552.png,1920,1080,messi,475, 666, 541, 799
training_553.png,1920,1080,messi,381, 728, 447, 861
training_554.png,1920,1080,messi,491, 718, 557, 851
training_555.png,1920,1080,messi,681, 660, 747, 793
training_556.png,1920,1080,messi,963, 628, 1029, 761
training_558.png,1920,1080,messi,557, 599, 631, 730
training_559.png,1920,1080,messi,521, 617, 595, 748
training_560.png,1920,1080,messi,475, 635, 549, 766
training_561.png,1920,1080,messi,415, 667, 489, 798
training_562.png,1920,1080,messi,389, 697, 463, 828
training_563.png,1920,1080,messi,441, 685, 515, 816
training_564.png,1920,1080,messi,541, 667, 615, 798
training_565.png,1920,1080,messi,647, 651, 721, 782
training_566.png,1920,1080,messi,667, 645, 741, 776
training_567.png,1920,1080,messi,679, 647, 753, 778
training_568.png,1920,1080,messi,647, 653, 721, 784
training_569.png,1920,1080,messi,599, 653, 673, 784
training_570.png,1920,1080,messi,575, 717, 649, 848
training_571.png,1920,1080,messi,527, 783, 601, 914
training_575.png,1920,1080,messi,338, 621, 403, 730
training_576.png,1920,1080,messi,302, 617, 367, 726
training_577.png,1920,1080,messi,378, 619, 443, 728
training_578.png,1920,1080,messi,474, 631, 539, 740
training_579.png,1920,1080,messi,464, 635, 529, 744
training_580.png,1920,1080,messi,360, 621, 425, 730
training_581.png,1920,1080,messi,320, 595, 385, 704
training_582.png,1920,1080,messi,364, 585, 429, 694
training_583.png,1920,1080,messi,366, 585, 431, 694
training_584.png,1920,1080,messi,376, 632, 448, 758
training_585.png,1920,1080,messi,444, 620, 516, 746
training_586.png,1920,1080,messi,548, 620, 620, 746
training_587.png,1920,1080,messi,638, 614, 710, 740
training_588.png,1920,1080,messi,704, 606, 776, 732
training_590.png,1920,1080,messi,353, 466, 413, 599
training_591.png,1920,1080,messi,385, 454, 445, 587
training_592.png,1920,1080,messi,461, 430, 521, 563
training_593.png,1920,1080,messi,397, 412, 457, 545
training_594.png,1920,1080,messi,371, 404, 431, 537
training_595.png,1920,1080,messi,281, 382, 341, 515
training_596.png,1920,1080,messi,161, 322, 221, 455
training_597.png,1920,1080,messi,193, 302, 253, 435
training_598.png,1920,1080,messi,235, 334, 295, 467
training_599.png,1920,1080,messi,219, 326, 279, 459
training_600.png,1920,1080,messi,193, 326, 253, 459
training_601.png,1920,1080,messi,65, 358, 125, 491
training_603.png,1920,1080,messi,514, 613, 572, 740
training_604.png,1920,1080,messi,354, 615, 412, 742
training_605.png,1920,1080,messi,342, 607, 400, 734
training_606.png,1920,1080,messi,438, 619, 496, 746
training_607.png,1920,1080,messi,486, 641, 544, 768
training_608.png,1920,1080,messi,621, 631, 697, 751
training_609.png,1920,1080,messi,685, 627, 761, 747
training_610.png,1920,1080,messi,723, 623, 799, 743
training_611.png,1920,1080,messi,671, 611, 747, 731
training_612.png,1920,1080,messi,635, 619, 711, 739
training_613.png,1920,1080,messi,635, 629, 711, 749
training_614.png,1920,1080,messi,555, 647, 631, 767
training_615.png,1920,1080,messi,497, 675, 573, 795
training_616.png,1920,1080,messi,576, 651, 644, 786
training_617.png,1920,1080,messi,602, 709, 670, 844
training_618.png,1920,1080,messi,500, 701, 568, 836
training_619.png,1920,1080,messi,352, 707, 420, 842
training_620.png,1920,1080,messi,298, 693, 366, 828
training_621.png,1920,1080,messi,440, 657, 508, 792
training_622.png,1920,1080,messi,448, 623, 516, 758
training_623.png,1920,1080,messi,416, 591, 484, 726
training_624.png,1920,1080,messi,324, 565, 392, 700
training_625.png,1920,1080,messi,340, 535, 408, 670
training_626.png,1920,1080,messi,871, 445, 961, 565
training_627.png,1920,1080,messi,1105, 413, 1195, 533
training_628.png,1920,1080,messi,1265, 379, 1355, 499
training_629.png,1920,1080,messi,1395, 381, 1485, 501
training_630.png,1920,1080,messi,1381, 383, 1471, 503
training_631.png,1920,1080,messi,862, 411, 930, 556
training_632.png,1920,1080,messi,830, 411, 898, 556
training_634.png,1920,1080,messi,774, 719, 849, 833
training_635.png,1920,1080,messi,764, 669, 839, 783
training_636.png,1920,1080,messi,716, 613, 791, 727
training_637.png,1920,1080,messi,596, 581, 671, 695
training_638.png,1920,1080,messi,544, 579, 619, 693
training_639.png,1920,1080,messi,620, 561, 695, 675
training_640.png,1920,1080,messi,676, 539, 751, 653
training_641.png,1920,1080,messi,696, 509, 771, 623
training_642.png,1920,1080,messi,700, 483, 775, 597
training_643.png,1920,1080,messi,730, 473, 805, 587
training_646.png,1920,1080,messi,1260, 510, 1312, 622
training_647.png,1920,1080,messi,1277, 507, 1329, 619
training_648.png,1920,1080,messi,1265, 504, 1317, 616
training_649.png,1920,1080,messi,1289, 506, 1341, 618
training_650.png,1920,1080,messi,1307, 502, 1359, 614
training_651.png,1920,1080,messi,1209, 508, 1261, 620
training_652.png,1920,1080,messi,1100, 548, 1152, 660
training_653.png,1920,1080,messi,1003, 565, 1055, 677
training_655.png,1920,1080,messi,970, 547, 1039, 670
training_656.png,1920,1080,messi,934, 529, 1003, 652
training_657.png,1920,1080,messi,922, 511, 991, 634
training_658.png,1920,1080,messi,904, 503, 973, 626
training_659.png,1920,1080,messi,870, 509, 939, 632
training_660.png,1920,1080,messi,610, 567, 679, 690
training_661.png,1920,1080,messi,530, 457, 584, 582
training_662.png,1920,1080,messi,550, 445, 604, 570
training_663.png,1920,1080,messi,580, 431, 634, 556
training_664.png,1920,1080,messi,594, 423, 648, 548
training_665.png,1920,1080,messi,624, 413, 678, 538
training_666.png,1920,1080,messi,620, 407, 674, 532
training_667.png,1920,1080,messi,620, 403, 674, 528
training_668.png,1920,1080,messi,646, 405, 700, 530
training_669.png,1920,1080,messi,678, 407, 732, 532
training_670.png,1920,1080,messi,706, 407, 760, 532
training_671.png,1920,1080,messi,738, 403, 792, 528
training_672.png,1920,1080,messi,776, 399, 830, 524
training_673.png,1920,1080,messi,802, 401, 856, 526
training_674.png,1920,1080,messi,798, 403, 852, 528
training_675.png,1920,1080,messi,937, 381, 990, 481
training_676.png,1920,1080,messi,893, 380, 946, 480
training_678.png,1920,1080,messi,774, 532, 833, 649
training_679.png,1920,1080,messi,760, 520, 819, 637
training_680.png,1920,1080,messi,770, 486, 829, 603
training_681.png,1920,1080,messi,830, 460, 889, 577
training_682.png,1920,1080,messi,902, 426, 961, 543
training_683.png,1920,1080,messi,932, 398, 991, 515
training_684.png,1920,1080,messi,912, 380, 971, 497
training_685.png,1920,1080,messi,968, 386, 1027, 503
training_686.png,1920,1080,messi,1238, 567, 1299, 694
training_687.png,1920,1080,messi,1270, 569, 1331, 696
training_688.png,1920,1080,messi,1228, 575, 1289, 702
training_689.png,1920,1080,messi,1352, 585, 1413, 712
training_690.png,1920,1080,messi,654, 761, 739, 912
training_691.png,1920,1080,messi,462, 785, 547, 936
training_692.png,1920,1080,messi,234, 809, 319, 960
training_693.png,1920,1080,messi,144, 811, 229, 962
training_694.png,1920,1080,messi,433, 658, 529, 836
training_695.png,1920,1080,messi,211, 656, 307, 834
training_696.png,1920,1080,messi,75, 656, 171, 834
training_697.png,1920,1080,messi,77, 638, 173, 816
training_698.png,1920,1080,messi,189, 640, 285, 818
training_699.png,1920,1080,messi,473, 664, 569, 842
training_700.png,1920,1080,messi,805, 678, 901, 856
training_701.png,1920,1080,messi,1031, 694, 1127, 872
training_702.png,1920,1080,messi,1035, 688, 1131, 866
training_703.png,1920,1080,messi,777, 666, 873, 844
training_704.png,1920,1080,messi,531, 616, 627, 794
training_705.png,1920,1080,messi,367, 560, 463, 738
training_706.png,1920,1080,messi,410, 532, 499, 669
training_707.png,1920,1080,messi,540, 534, 629, 671
training_708.png,1920,1080,messi,524, 542, 613, 679
training_709.png,1920,1080,messi,478, 552, 567, 689
training_710.png,1920,1080,messi,458, 564, 547, 701
training_711.png,1920,1080,messi,478, 590, 567, 727
training_712.png,1920,1080,messi,532, 614, 621, 751
training_713.png,1920,1080,messi,538, 644, 627, 781
training_714.png,1920,1080,messi,743, 606, 814, 752
training_715.png,1920,1080,messi,773, 564, 844, 710
training_716.png,1920,1080,messi,757, 570, 828, 716
training_717.png,1920,1080,messi,671, 564, 742, 710
training_718.png,1920,1080,messi,641, 570, 712, 716
training_719.png,1920,1080,messi,637, 572, 708, 718
training_720.png,1920,1080,messi,683, 588, 754, 734
training_721.png,1920,1080,messi,771, 620, 842, 766
training_723.png,1920,1080,messi,632, 675, 694, 805
training_724.png,1920,1080,messi,596, 687, 658, 817
training_725.png,1920,1080,messi,598, 685, 660, 815
training_726.png,1920,1080,messi,664, 667, 726, 797
training_727.png,1920,1080,messi,634, 651, 696, 781
training_728.png,1920,1080,messi,566, 657, 628, 787
training_729.png,1920,1080,messi,500, 661, 562, 791
training_730.png,1920,1080,messi,432, 667, 494, 797
training_731.png,1920,1080,messi,332, 673, 394, 803
training_732.png,1920,1080,messi,278, 669, 340, 799
training_733.png,1920,1080,messi,722, 780, 815, 954
training_734.png,1920,1080,messi,802, 688, 895, 862
training_735.png,1920,1080,messi,762, 646, 830, 770
training_736.png,1920,1080,messi,954, 614, 1022, 738
training_737.png,1920,1080,messi,1076, 648, 1144, 772
training_738.png,1920,1080,messi,996, 726, 1064, 850
training_739.png,1920,1080,messi,918, 750, 986, 874
training_740.png,1920,1080,messi,926, 746, 994, 870
training_742.png,1920,1080,messi,1330, 885, 1399, 1042
training_743.png,1920,1080,messi,1552, 957, 1621, 1080
training_744.png,1920,1080,messi,1672, 981, 1741, 1080
training_745.png,1920,1080,messi,1776, 878, 1849, 1025
training_746.png,1920,1080,messi,1832, 856, 1905, 1003
training_747.png,1920,1080,messi,1874, 836, 1920, 983
training_748.png,1920,1080,messi,1830, 792, 1903, 939
training_749.png,1920,1080,messi,1704, 740, 1777, 887
training_750.png,1920,1080,messi,1582, 698, 1655, 845
training_751.png,1920,1080,messi,1430, 662, 1503, 809
training_752.png,1920,1080,messi,1264, 632, 1337, 779
training_753.png,1920,1080,messi,1094, 596, 1167, 743
training_754.png,1920,1080,messi,972, 575, 1037, 684
training_755.png,1920,1080,messi,946, 553, 1011, 662
training_756.png,1920,1080,messi,942, 539, 1007, 648
training_757.png,1920,1080,messi,950, 523, 1015, 632
training_758.png,1920,1080,messi,922, 509, 987, 618
training_759.png,1920,1080,messi,894, 497, 959, 606
training_760.png,1920,1080,messi,776, 497, 841, 606
training_761.png,1920,1080,messi,849, 640, 930, 790
training_762.png,1920,1080,messi,931, 668, 1012, 818
training_763.png,1920,1080,messi,1151, 690, 1232, 840
training_764.png,1920,1080,messi,1405, 680, 1476, 843
training_765.png,1920,1080,messi,1455, 694, 1526, 857
training_766.png,1920,1080,messi,677, 529, 753, 648
training_767.png,1920,1080,messi,651, 629, 727, 748
training_768.png,1920,1080,messi,619, 667, 695, 786
training_769.png,1920,1080,messi,637, 663, 713, 782
training_770.png,1920,1080,messi,697, 649, 773, 768
training_771.png,1920,1080,messi,831, 661, 907, 780
training_772.png,1920,1080,messi,1112, 606, 1191, 743
training_773.png,1920,1080,messi,1226, 596, 1305, 733
training_774.png,1920,1080,messi,1288, 606, 1367, 743
training_778.png,1920,1080,messi,1640, 861, 1726, 1022
training_779.png,1920,1080,messi,1628, 835, 1714, 996
training_780.png,1920,1080,messi,1622, 801, 1708, 962
training_781.png,1920,1080,messi,1644, 793, 1730, 954
training_782.png,1920,1080,messi,1674, 825, 1760, 986
training_783.png,1920,1080,messi,1654, 827, 1740, 988
training_784.png,1920,1080,messi,1564, 843, 1650, 1004
training_785.png,1920,1080,messi,1021, 816, 1105, 985
training_786.png,1920,1080,messi,1073, 792, 1157, 961
training_787.png,1920,1080,messi,1161, 764, 1245, 933
training_788.png,1920,1080,messi,1245, 732, 1329, 901
training_789.png,1920,1080,messi,1165, 658, 1249, 827
training_790.png,1920,1080,messi,1135, 596, 1219, 765
training_791.png,1920,1080,messi,1219, 488, 1303, 657
training_792.png,1920,1080,messi,1251, 428, 1335, 597
training_793.png,1920,1080,messi,1197, 408, 1281, 577
training_794.png,1920,1080,messi,1129, 438, 1213, 607
training_795.png,1920,1080,messi,1023, 470, 1107, 639
training_796.png,1920,1080,messi,955, 539, 1030, 675
training_797.png,1920,1080,messi,1001, 513, 1076, 649
training_798.png,1920,1080,messi,1025, 455, 1100, 591
training_799.png,1920,1080,messi,973, 417, 1048, 553
training_800.png,1920,1080,messi,887, 415, 962, 551
training_801.png,1920,1080,messi,731, 409, 806, 545
training_802.png,1920,1080,messi,525, 515, 600, 651
training_803.png,1920,1080,messi,317, 603, 392, 739
training_804.png,1920,1080,messi,95, 693, 170, 829
training_806.png,1920,1080,messi,647, 722, 749, 902
training_807.png,1920,1080,messi,859, 706, 961, 886
training_808.png,1920,1080,messi,995, 692, 1097, 872
training_809.png,1920,1080,messi,1007, 686, 1109, 866
training_813.png,1920,1080,messi,726, 574, 802, 746
training_814.png,1920,1080,messi,1056, 518, 1132, 690
training_815.png,1920,1080,messi,1140, 492, 1216, 664
training_816.png,1920,1080,messi,1062, 460, 1138, 632
training_817.png,1920,1080,messi,878, 414, 954, 586
training_818.png,1920,1080,messi,726, 394, 802, 566
training_819.png,1920,1080,messi,558, 388, 634, 560
training_820.png,1920,1080,messi,530, 378, 606, 550
training_821.png,1920,1080,messi,808, 636, 899, 793
training_822.png,1920,1080,messi,748, 628, 839, 785
training_823.png,1920,1080,messi,610, 608, 701, 765
training_824.png,1920,1080,messi,470, 562, 561, 719
training_826.png,1920,1080,messi,588, 784, 673, 972
training_827.png,1920,1080,messi,598, 740, 683, 928
training_828.png,1920,1080,messi,570, 670, 655, 858
training_829.png,1920,1080,messi,452, 624, 537, 812
training_830.png,1920,1080,messi,220, 628, 305, 816
training_831.png,1920,1080,messi,986, 839, 1081, 976
training_832.png,1920,1080,messi,1182, 847, 1277, 984
training_833.png,1920,1080,messi,1320, 875, 1415, 1012
training_834.png,1920,1080,messi,1330, 927, 1425, 1064
training_835.png,1920,1080,messi,1288, 943, 1383, 1080
training_836.png,1920,1080,messi,1248, 987, 1343, 1080
training_837.png,1920,1080,messi,1240, 1013, 1335, 1080
training_838.png,1920,1080,messi,747, 851, 854, 1046
training_839.png,1920,1080,messi,805, 819, 912, 1014
training_840.png,1920,1080,messi,833, 787, 940, 982
training_841.png,1920,1080,messi,1356, 512, 1444, 669
training_842.png,1920,1080,messi,1462, 476, 1550, 633
training_843.png,1920,1080,messi,1436, 460, 1524, 617
training_844.png,1920,1080,messi,1404, 438, 1492, 595
training_846.png,1920,1080,messi,1545, 672, 1633, 853
training_847.png,1920,1080,messi,1621, 570, 1709, 751
training_848.png,1920,1080,messi,1535, 484, 1623, 665
training_849.png,1920,1080,messi,1367, 410, 1455, 591
training_850.png,1920,1080,messi,1419, 344, 1507, 525
training_851.png,1920,1080,messi,1475, 332, 1563, 513
training_852.png,1920,1080,messi,1552, 498, 1631, 618
training_853.png,1920,1080,messi,1632, 492, 1711, 612
training_854.png,1920,1080,messi,1836, 492, 1915, 612
training_856.png,1920,1080,messi,799, 747, 891, 919
training_857.png,1920,1080,messi,805, 771, 897, 943
training_858.png,1920,1080,messi,805, 789, 897, 961
training_859.png,1920,1080,messi,683, 767, 775, 939
training_860.png,1920,1080,messi,609, 753, 701, 925
training_861.png,1920,1080,messi,609, 737, 701, 909
training_862.png,1920,1080,messi,481, 719, 573, 891
training_863.png,1920,1080,messi,483, 721, 575, 893
training_864.png,1920,1080,messi,551, 721, 643, 893
training_865.png,1920,1080,messi,475, 711, 567, 883
training_866.png,1920,1080,messi,353, 703, 445, 875
training_867.png,1920,1080,messi,235, 701, 327, 873
training_868.png,1920,1080,messi,195, 679, 287, 851
training_869.png,1920,1080,messi,83, 663, 175, 835
training_870.png,1920,1080,messi,883, 768, 971, 942
training_872.png,1920,1080,messi,612, 747, 720, 873
training_873.png,1920,1080,messi,758, 745, 866, 871
training_874.png,1920,1080,messi,828, 743, 936, 869
training_875.png,1920,1080,messi,906, 729, 1014, 855
training_876.png,1920,1080,messi,1040, 773, 1148, 899
training_877.png,1920,1080,messi,1018, 763, 1098, 919
training_878.png,1920,1080,messi,1028, 667, 1108, 823
training_879.png,1920,1080,messi,1036, 607, 1116, 763
training_880.png,1920,1080,messi,1004, 575, 1084, 731
training_881.png,1920,1080,messi,986, 541, 1066, 697
training_882.png,1920,1080,messi,1008, 533, 1088, 689
training_883.png,1920,1080,messi,1034, 519, 1114, 675
training_885.png,1920,1080,messi,658, 846, 739, 1022
training_886.png,1920,1080,messi,638, 820, 719, 996
training_887.png,1920,1080,messi,680, 820, 761, 996
training_888.png,1920,1080,messi,782, 830, 863, 1006
training_889.png,1920,1080,messi,982, 678, 1063, 854
training_890.png,1920,1080,messi,964, 502, 1045, 678
training_891.png,1920,1080,messi,1000, 496, 1081, 672
training_892.png,1920,1080,messi,1134, 544, 1215, 720
training_894.png,1920,1080,messi,1095, 898, 1205, 1075
training_895.png,1920,1080,messi,1079, 888, 1189, 1065
training_896.png,1920,1080,messi,1067, 896, 1177, 1073
training_897.png,1920,1080,messi,1065, 892, 1175, 1069
training_901.png,1920,1080,messi,1623, 704, 1699, 844
training_902.png,1920,1080,messi,1771, 696, 1847, 836
training_905.png,1920,1080,messi,1151, 855, 1220, 1022
training_906.png,1920,1080,messi,1173, 813, 1242, 980
training_907.png,1920,1080,messi,1217, 769, 1286, 936
training_908.png,1920,1080,messi,1277, 733, 1346, 900
training_909.png,1920,1080,messi,1295, 687, 1364, 854
training_910.png,1920,1080,messi,1437, 661, 1506, 828
training_911.png,1920,1080,messi,1635, 639, 1704, 806
training_912.png,1920,1080,messi,1293, 632, 1376, 784
training_913.png,1920,1080,messi,1331, 740, 1414, 892
training_914.png,1920,1080,messi,1473, 820, 1556, 972
training_915.png,1920,1080,messi,1559, 880, 1642, 1032
training_916.png,1920,1080,messi,1529, 862, 1612, 1014
training_917.png,1920,1080,messi,1457, 836, 1540, 988
training_918.png,1920,1080,messi,1391, 806, 1474, 958
training_919.png,1920,1080,messi,1331, 786, 1414, 938
training_920.png,1920,1080,messi,1275, 784, 1358, 936
training_921.png,1920,1080,messi,1297, 798, 1380, 950
training_922.png,1920,1080,messi,1331, 814, 1414, 966
training_923.png,1920,1080,messi,1361, 854, 1444, 1006
training_924.png,1920,1080,messi,1409, 888, 1492, 1040
training_925.png,1920,1080,messi,1479, 920, 1562, 1072
training_926.png,1920,1080,messi,1501, 920, 1584, 1072
training_927.png,1920,1080,messi,1489, 900, 1572, 1052
training_928.png,1920,1080,messi,422, 745, 514, 929
training_930.png,1920,1080,messi,514, 655, 606, 839
training_932.png,1920,1080,messi,1452, 703, 1519, 853
training_933.png,1920,1080,messi,1504, 737, 1571, 887
training_934.png,1920,1080,messi,1506, 749, 1573, 899
training_935.png,1920,1080,messi,1462, 761, 1529, 911
training_936.png,1920,1080,messi,1430, 771, 1497, 921
training_937.png,1920,1080,messi,1382, 771, 1449, 921
training_938.png,1920,1080,messi,1274, 811, 1341, 961
training_939.png,1920,1080,messi,1086, 879, 1153, 1029
training_940.png,1920,1080,messi,879, 807, 983, 999
training_941.png,1920,1080,messi,789, 761, 893, 953
training_942.png,1920,1080,messi,779, 707, 883, 899
training_943.png,1920,1080,messi,669, 587, 773, 779
training_944.png,1920,1080,messi,597, 573, 701, 765
training_945.png,1920,1080,messi,457, 643, 561, 835
training_946.png,1920,1080,messi,325, 711, 429, 903
training_947.png,1920,1080,messi,379, 741, 483, 933
training_948.png,1920,1080,messi,433, 757, 537, 949
training_949.png,1920,1080,messi,555, 737, 659, 929
training_950.png,1920,1080,messi,1185, 549, 1289, 724
training_952.png,1920,1080,messi,1382, 632, 1460, 784
training_953.png,1920,1080,messi,1320, 658, 1398, 810
training_954.png,1920,1080,messi,1286, 702, 1364, 854
training_955.png,1920,1080,messi,1312, 754, 1390, 906
training_956.png,1920,1080,messi,1274, 780, 1352, 932
training_957.png,1920,1080,messi,1194, 824, 1272, 976
training_958.png,1920,1080,messi,1030, 826, 1121, 1021
training_959.png,1920,1080,messi,998, 778, 1089, 973
training_960.png,1920,1080,messi,810, 660, 901, 855
training_961.png,1920,1080,messi,780, 590, 871, 785
training_962.png,1920,1080,messi,796, 574, 887, 769
training_963.png,1920,1080,messi,880, 506, 971, 701
training_964.png,1920,1080,messi,790, 446, 881, 641
training_965.png,1920,1080,messi,1836, 949, 1895, 1080
training_966.png,1920,1080,messi,1880, 973, 1920, 1080
training_967.png,1920,1080,messi,1158, 775, 1258, 979
training_970.png,1920,1080,messi,1055, 803, 1143, 966
training_971.png,1920,1080,messi,1059, 853, 1147, 1016
training_972.png,1920,1080,messi,947, 887, 1035, 1050
training_973.png,1920,1080,messi,693, 931, 781, 1080
training_974.png,1920,1080,messi,525, 897, 613, 1060
training_975.png,1920,1080,messi,467, 867, 555, 1030
training_976.png,1920,1080,messi,595, 815, 683, 978
training_977.png,1920,1080,messi,879, 680, 984, 856
training_978.png,1920,1080,messi,1039, 628, 1144, 804
training_979.png,1920,1080,messi,897, 592, 1002, 768
training_980.png,1920,1080,messi,1015, 532, 1120, 708
training_981.png,1920,1080,messi,778, 649, 853, 794
training_982.png,1920,1080,messi,798, 637, 873, 782
training_983.png,1920,1080,messi,848, 635, 923, 780
training_984.png,1920,1080,messi,1000, 607, 1075, 752
training_985.png,1920,1080,messi,1050, 555, 1125, 700
training_986.png,1920,1080,messi,840, 559, 915, 704
training_987.png,1920,1080,messi,702, 565, 777, 710
training_988.png,1920,1080,messi,718, 599, 793, 744
training_989.png,1920,1080,messi,722, 639, 797, 784
training_990.png,1920,1080,messi,730, 691, 805, 836
training_992.png,1920,1080,messi,1419, 736, 1512, 900
training_993.png,1920,1080,messi,1535, 720, 1628, 884
training_994.png,1920,1080,messi,1477, 696, 1570, 860
training_995.png,1920,1080,messi,1403, 700, 1496, 864
training_996.png,1920,1080,messi,1293, 704, 1386, 868
training_997.png,1920,1080,messi,1321, 668, 1414, 832
training_998.png,1920,1080,messi,1399, 656, 1492, 820
training_999.png,1920,1080,messi,1495, 642, 1588, 806
training_1000.png,1920,1080,messi,1204, 646, 1274, 794
training_1001.png,1920,1080,messi,1294, 610, 1364, 758
training_1002.png,1920,1080,messi,1416, 644, 1486, 792
training_1003.png,1920,1080,messi,1536, 716, 1606, 864
training_1004.png,1920,1080,messi,1452, 718, 1522, 866
training_1005.png,1920,1080,messi,1284, 720, 1354, 868
training_1006.png,1920,1080,messi,1138, 722, 1208, 870
training_1008.png,1920,1080,messi,725, 729, 787, 879
training_1009.png,1920,1080,messi,687, 755, 749, 905
training_1010.png,1920,1080,messi,573, 797, 635, 947
training_1011.png,1920,1080,messi,393, 829, 455, 979
training_1012.png,1920,1080,messi,233, 859, 295, 1009
training_1013.png,1920,1080,messi,241, 891, 303, 1041
training_1014.png,1920,1080,messi,414, 867, 502, 1034
training_1015.png,1920,1080,messi,470, 797, 558, 964
training_1016.png,1920,1080,messi,584, 731, 672, 898
training_1017.png,1920,1080,messi,714, 677, 802, 844
training_1018.png,1920,1080,messi,876, 627, 964, 794
training_1019.png,1920,1080,messi,1076, 591, 1164, 758
training_1020.png,1920,1080,messi,1306, 577, 1394, 744
training_1021.png,1920,1080,messi,1406, 537, 1494, 704
training_1022.png,1920,1080,messi,1328, 571, 1416, 738
training_1023.png,1920,1080,messi,1254, 599, 1342, 766
training_1024.png,1920,1080,messi,1072, 639, 1160, 806
training_1025.png,1920,1080,messi,774, 667, 862, 834
training_1026.png,1920,1080,messi,816, 771, 904, 938
training_1027.png,1920,1080,messi,640, 787, 728, 954
training_1028.png,1920,1080,messi,462, 791, 550, 958
training_1029.png,1920,1080,messi,308, 785, 396, 952
training_1030.png,1920,1080,messi,992, 643, 1102, 796
training_1033.png,1920,1080,messi,942, 537, 1017, 686
training_1034.png,1920,1080,messi,940, 537, 1015, 686
training_1036.png,1920,1080,messi,1092, 504, 1165, 635
training_1037.png,1920,1080,messi,992, 516, 1065, 647
training_1038.png,1920,1080,messi,900, 478, 973, 609
training_1039.png,1920,1080,messi,824, 400, 897, 531
training_1040.png,1920,1080,messi,830, 422, 903, 553
training_1098.png,1920,1080,messi,1603, 767, 1676, 911
training_1099.png,1920,1080,messi,1509, 767, 1582, 911
training_1100.png,1920,1080,messi,1401, 769, 1474, 913
training_1101.png,1920,1080,messi,1277, 781, 1350, 925
training_1102.png,1920,1080,messi,1231, 819, 1304, 963
training_1103.png,1920,1080,messi,1209, 817, 1282, 961
training_1104.png,1920,1080,messi,1219, 827, 1292, 971
training_1105.png,1920,1080,messi,1247, 823, 1320, 967
training_1106.png,1920,1080,messi,1740, 696, 1818, 852
training_1108.png,1920,1080,messi,1354, 679, 1414, 802
training_1109.png,1920,1080,messi,1320, 717, 1380, 840
training_1110.png,1920,1080,messi,1296, 761, 1356, 884
training_1111.png,1920,1080,messi,1260, 801, 1320, 924
training_1112.png,1920,1080,messi,1160, 779, 1251, 952
training_1113.png,1920,1080,messi,1148, 743, 1239, 916
training_1114.png,1920,1080,messi,1054, 757, 1145, 930
training_1115.png,1920,1080,messi,1080, 729, 1171, 902
training_1116.png,1920,1080,messi,1050, 739, 1141, 912
training_1117.png,1920,1080,messi,840, 765, 931, 938
training_1118.png,1920,1080,messi,674, 781, 765, 954
training_1119.png,1920,1080,messi,726, 755, 817, 928
training_1120.png,1920,1080,messi,844, 723, 935, 896
training_1121.png,1920,1080,messi,904, 697, 995, 870
training_1122.png,1920,1080,messi,1118, 663, 1209, 836
training_1123.png,1920,1080,messi,1346, 673, 1437, 846
training_1124.png,1920,1080,messi,1614, 673, 1705, 846
training_1125.png,1920,1080,messi,1762, 683, 1853, 856
training_1128.png,1920,1080,messi,246, 571, 347, 696
training_1129.png,1920,1080,messi,342, 623, 443, 748
training_1130.png,1920,1080,messi,328, 675, 429, 800
training_1131.png,1920,1080,messi,287, 693, 382, 853
training_1132.png,1920,1080,messi,205, 741, 300, 901
training_1133.png,1920,1080,messi,249, 729, 344, 889
training_1134.png,1920,1080,messi,299, 709, 394, 869
training_1135.png,1920,1080,messi,447, 691, 542, 851
training_1136.png,1920,1080,messi,357, 681, 452, 841
training_1137.png,1920,1080,messi,221, 659, 316, 819
training_1138.png,1920,1080,messi,43, 663, 138, 823
training_1140.png,1920,1080,messi,608, 633, 731, 810
training_1141.png,1920,1080,messi,828, 587, 951, 764
training_1142.png,1920,1080,messi,984, 593, 1107, 770
training_1143.png,1920,1080,messi,840, 569, 963, 746
training_1144.png,1920,1080,messi,765, 593, 850, 747
training_1145.png,1920,1080,messi,707, 669, 792, 823
training_1146.png,1920,1080,messi,603, 721, 688, 875
training_1147.png,1920,1080,messi,477, 805, 562, 959
training_1148.png,1920,1080,messi,393, 863, 510, 1069
training_1149.png,1920,1080,messi,469, 869, 586, 1075
training_1150.png,1920,1080,messi,599, 875, 716, 1080
training_1151.png,1920,1080,messi,827, 867, 944, 1073
training_1152.png,1920,1080,messi,1087, 847, 1204, 1053
training_1153.png,1920,1080,messi,811, 732, 876, 862
training_1154.png,1920,1080,messi,869, 728, 934, 858
training_1155.png,1920,1080,messi,837, 738, 902, 868
training_1156.png,1920,1080,messi,765, 766, 830, 896
training_1157.png,1920,1080,messi,717, 790, 782, 920
training_1158.png,1920,1080,messi,741, 786, 806, 916
training_1159.png,1920,1080,messi,787, 768, 852, 898
training_1160.png,1920,1080,messi,807, 760, 872, 890
training_1161.png,1920,1080,messi,1144, 701, 1217, 851
training_1163.png,1920,1080,messi,904, 533, 959, 649
training_1164.png,1920,1080,messi,905, 563, 960, 679
training_1167.png,1920,1080,messi,1577, 795, 1654, 946
training_1168.png,1920,1080,messi,1723, 853, 1800, 1004
training_1170.png,1920,1080,messi,1030, 710, 1132, 879
training_1171.png,1920,1080,messi,800, 706, 902, 875
training_1172.png,1920,1080,messi,596, 650, 698, 819
training_1173.png,1920,1080,messi,428, 624, 530, 793
training_1174.png,1920,1080,messi,302, 670, 404, 839
training_1175.png,1920,1080,messi,224, 716, 326, 885
training_1176.png,1920,1080,messi,130, 748, 232, 917
training_1177.png,1920,1080,messi,46, 746, 148, 915
training_1178.png,1920,1080,messi,46, 750, 148, 919
training_1179.png,1920,1080,messi,24, 756, 126, 925
training_1180.png,1920,1080,messi,442, 713, 522, 856
training_1181.png,1920,1080,messi,594, 709, 674, 852
training_1182.png,1920,1080,messi,614, 715, 694, 858
training_1183.png,1920,1080,messi,644, 703, 724, 846
training_1184.png,1920,1080,messi,750, 727, 830, 870
training_1185.png,1920,1080,messi,866, 709, 946, 852
training_1186.png,1920,1080,messi,984, 711, 1064, 854
training_1187.png,1920,1080,messi,1018, 715, 1098, 858
training_1188.png,1920,1080,messi,1006, 719, 1086, 862
training_1189.png,1920,1080,messi,1028, 715, 1108, 858
training_1190.png,1920,1080,messi,1044, 713, 1124, 856
training_1191.png,1920,1080,messi,1024, 713, 1104, 856
training_1192.png,1920,1080,messi,974, 711, 1054, 854
training_1193.png,1920,1080,messi,1243, 620, 1332, 779
training_1194.png,1920,1080,messi,1317, 602, 1406, 761
training_1195.png,1920,1080,messi,1287, 592, 1376, 751
training_1196.png,1920,1080,messi,1233, 578, 1322, 737
training_1197.png,1920,1080,messi,1181, 568, 1270, 727
training_1198.png,1920,1080,messi,1119, 562, 1208, 721
training_1199.png,1920,1080,messi,1057, 554, 1146, 713
training_1200.png,1920,1080,messi,993, 546, 1082, 705
training_1202.png,1920,1080,messi,793, 801, 907, 963
training_1203.png,1920,1080,messi,775, 781, 889, 943
training_1204.png,1920,1080,messi,799, 801, 913, 963
training_1205.png,1920,1080,messi,749, 883, 863, 1045
training_1206.png,1920,1080,messi,881, 951, 995, 1080
training_1207.png,1920,1080,messi,1448, 865, 1547, 1040
training_1208.png,1920,1080,messi,1586, 863, 1685, 1038
training_1209.png,1920,1080,messi,1708, 875, 1807, 1050
training_1210.png,1920,1080,messi,1189, 761, 1303, 928
training_1211.png,1920,1080,messi,1033, 753, 1147, 920
training_1212.png,1920,1080,messi,841, 765, 955, 932
training_1213.png,1920,1080,messi,811, 731, 925, 898
training_1214.png,1920,1080,messi,837, 705, 951, 872
training_1215.png,1920,1080,messi,799, 679, 913, 846
training_1216.png,1920,1080,messi,727, 661, 841, 828
training_1217.png,1920,1080,messi,1215, 797, 1312, 964
training_1218.png,1920,1080,messi,1063, 829, 1160, 996
training_1219.png,1920,1080,messi,915, 867, 1012, 1034
training_1220.png,1920,1080,messi,839, 883, 936, 1050
training_1221.png,1920,1080,messi,829, 991, 926, 1080
training_1223.png,1920,1080,messi,990, 688, 1080, 853
training_1225.png,1920,1080,messi,517, 702, 640, 854
training_1226.png,1920,1080,messi,783, 698, 906, 850
training_1227.png,1920,1080,messi,1027, 660, 1150, 812
training_1228.png,1920,1080,messi,915, 682, 1038, 834
training_1229.png,1920,1080,messi,759, 682, 882, 834
training_1230.png,1920,1080,messi,899, 640, 1022, 792
training_1231.png,1920,1080,messi,1111, 610, 1234, 762
training_1232.png,1920,1080,messi,1202, 713, 1288, 851
training_1233.png,1920,1080,messi,1036, 735, 1122, 873
training_1234.png,1920,1080,messi,972, 777, 1058, 915
training_1235.png,1920,1080,messi,942, 785, 1028, 923
training_1236.png,1920,1080,messi,830, 801, 916, 939
training_1237.png,1920,1080,messi,702, 825, 788, 963
training_1238.png,1920,1080,messi,612, 853, 698, 991
training_1239.png,1920,1080,messi,610, 851, 696, 989
training_1240.png,1920,1080,messi,592, 845, 678, 983
training_1241.png,1920,1080,messi,562, 847, 648, 985
training_1242.png,1920,1080,messi,534, 849, 620, 987
training_1245.png,1920,1080,messi,866, 693, 940, 834
training_1246.png,1920,1080,messi,906, 697, 980, 838
training_1247.png,1920,1080,messi,766, 677, 840, 818
training_1248.png,1920,1080,messi,854, 699, 928, 840
training_1249.png,1920,1080,messi,1082, 681, 1156, 822
training_1250.png,1920,1080,messi,1310, 685, 1384, 826
training_1251.png,1920,1080,messi,1532, 786, 1639, 956
training_1252.png,1920,1080,messi,1430, 822, 1537, 992
training_1253.png,1920,1080,messi,948, 765, 1041, 931
training_1254.png,1920,1080,messi,842, 785, 935, 951
training_1255.png,1920,1080,messi,590, 809, 683, 975
training_1256.png,1920,1080,messi,440, 841, 533, 1007
training_1257.png,1920,1080,messi,436, 839, 529, 1005
training_1258.png,1920,1080,messi,470, 837, 563, 1003
training_1261.png,1920,1080,messi,1282, 384, 1347, 508
training_1262.png,1920,1080,messi,1132, 382, 1197, 506
training_1263.png,1920,1080,messi,884, 394, 949, 518
training_1264.png,1920,1080,messi,658, 394, 723, 518
training_1265.png,1920,1080,messi,616, 410, 681, 534
training_1266.png,1920,1080,messi,570, 434, 635, 558
training_1267.png,1920,1080,messi,466, 484, 531, 608
training_1268.png,1920,1080,messi,266, 560, 331, 684
training_1269.png,1920,1080,messi,1308, 554, 1372, 686
training_1270.png,1920,1080,messi,1332, 648, 1396, 780
training_1271.png,1920,1080,messi,1380, 694, 1444, 826
training_1272.png,1920,1080,messi,1438, 706, 1502, 838
training_1273.png,1920,1080,messi,1434, 710, 1498, 842
training_1274.png,1920,1080,messi,1386, 736, 1450, 868
training_1275.png,1920,1080,messi,1368, 770, 1432, 902
training_1276.png,1920,1080,messi,1324, 786, 1388, 918
training_1277.png,1920,1080,messi,1460, 796, 1555, 955
training_1278.png,1920,1080,messi,1676, 780, 1771, 939
training_1279.png,1920,1080,messi,1384, 588, 1461, 723
training_1280.png,1920,1080,messi,1188, 588, 1265, 723
training_1281.png,1920,1080,messi,1090, 638, 1167, 773
training_1282.png,1920,1080,messi,1130, 674, 1207, 809
training_1283.png,1920,1080,messi,1224, 666, 1301, 801
training_1284.png,1920,1080,messi,1286, 614, 1363, 749
training_1285.png,1920,1080,messi,1200, 554, 1277, 689
training_1286.png,1920,1080,messi,1120, 538, 1197, 673
training_1287.png,1920,1080,messi,1134, 526, 1211, 661
training_1288.png,1920,1080,messi,1126, 526, 1203, 661
training_1289.png,1920,1080,messi,1208, 532, 1285, 667
training_1290.png,1920,1080,messi,1227, 548, 1293, 668
training_1291.png,1920,1080,messi,1161, 564, 1227, 684
training_1292.png,1920,1080,messi,1135, 600, 1201, 720
training_1293.png,1920,1080,messi,1119, 624, 1185, 744
training_1294.png,1920,1080,messi,1141, 648, 1207, 768
training_1296.png,1920,1080,messi,914, 738, 997, 897
training_1297.png,1920,1080,messi,696, 762, 779, 921
training_1298.png,1920,1080,messi,460, 790, 543, 949
training_1299.png,1920,1080,messi,328, 822, 411, 981
training_1300.png,1920,1080,messi,691, 784, 787, 964
training_1301.png,1920,1080,messi,805, 788, 901, 968
training_1302.png,1920,1080,messi,817, 790, 913, 970
training_1303.png,1920,1080,messi,755, 758, 851, 938
training_1304.png,1920,1080,messi,681, 730, 777, 910
training_1305.png,1920,1080,messi,697, 640, 793, 820
training_1306.png,1920,1080,messi,625, 616, 721, 796
training_1307.png,1920,1080,messi,535, 616, 631, 796
training_1308.png,1920,1080,messi,477, 628, 573, 808
training_1309.png,1920,1080,messi,433, 632, 529, 812
training_1310.png,1920,1080,messi,283, 620, 379, 800
training_1311.png,1920,1080,messi,89, 580, 185, 760
training_1312.png,1920,1080,messi,71, 598, 167, 778
training_1313.png,1920,1080,messi,107, 644, 203, 824
training_1314.png,1920,1080,messi,113, 676, 209, 856
training_1315.png,1920,1080,messi,133, 682, 229, 862
training_1316.png,1920,1080,messi,0, 698, 93, 878
training_1318.png,1920,1080,messi,1066, 861, 1158, 1039
training_1319.png,1920,1080,messi,990, 871, 1082, 1049
training_1320.png,1920,1080,messi,922, 845, 1014, 1023
training_1321.png,1920,1080,messi,916, 819, 1008, 997
training_1322.png,1920,1080,messi,862, 797, 954, 975
training_1323.png,1920,1080,messi,888, 783, 980, 961
training_1324.png,1920,1080,messi,944, 759, 1036, 937
training_1325.png,1920,1080,messi,1076, 661, 1168, 839
training_1326.png,1920,1080,messi,890, 561, 982, 739
training_1327.png,1920,1080,messi,388, 648, 483, 786
training_1329.png,1920,1080,messi,912, 717, 991, 869
training_1330.png,1920,1080,messi,908, 755, 987, 907
training_1331.png,1920,1080,messi,846, 791, 925, 943
training_1332.png,1920,1080,messi,792, 795, 871, 947
training_1333.png,1920,1080,messi,752, 809, 831, 961
training_1334.png,1920,1080,messi,782, 809, 861, 961
training_1335.png,1920,1080,messi,834, 799, 913, 951
training_1336.png,1920,1080,messi,904, 781, 983, 933
training_1337.png,1920,1080,messi,944, 765, 1023, 917
training_1338.png,1920,1080,messi,942, 759, 1021, 911
training_1339.png,1920,1080,messi,904, 803, 983, 955
training_1340.png,1920,1080,messi,902, 841, 981, 993
training_1341.png,1920,1080,messi,998, 841, 1077, 993
training_1342.png,1920,1080,messi,1054, 835, 1133, 987
training_1343.png,1920,1080,messi,1076, 819, 1155, 971
training_1344.png,1920,1080,messi,1146, 731, 1225, 883
training_1345.png,1920,1080,messi,1182, 671, 1261, 823
training_1346.png,1920,1080,messi,994, 649, 1073, 801
training_1347.png,1920,1080,messi,998, 645, 1077, 797
training_1348.png,1920,1080,messi,1058, 647, 1137, 799
training_1349.png,1920,1080,messi,1176, 653, 1255, 805
training_1350.png,1920,1080,messi,1298, 669, 1377, 821
training_1351.png,1920,1080,messi,1412, 665, 1491, 817
training_1352.png,1920,1080,messi,1526, 515, 1605, 667
training_1353.png,1920,1080,messi,1508, 411, 1587, 563
training_1354.png,1920,1080,messi,1484, 355, 1563, 507
training_1355.png,1920,1080,messi,1416, 305, 1495, 457
training_1356.png,1920,1080,messi,1274, 589, 1352, 735
training_1357.png,1920,1080,messi,1206, 613, 1284, 759
training_1358.png,1920,1080,messi,1162, 649, 1240, 795
training_1359.png,1920,1080,messi,1076, 697, 1154, 843
training_1360.png,1920,1080,messi,1008, 767, 1086, 913
training_1361.png,1920,1080,messi,872, 803, 950, 949
training_1362.png,1920,1080,messi,780, 823, 858, 969
training_1363.png,1920,1080,messi,832, 833, 910, 979
training_1364.png,1920,1080,messi,988, 772, 1063, 951
training_1365.png,1920,1080,messi,886, 692, 961, 871
training_1366.png,1920,1080,messi,786, 568, 861, 747
training_1367.png,1920,1080,messi,886, 514, 961, 693
training_1368.png,1920,1080,messi,966, 486, 1041, 665
training_1369.png,1920,1080,messi,916, 456, 991, 635
training_1370.png,1920,1080,messi,833, 582, 909, 731
training_1371.png,1920,1080,messi,707, 608, 783, 757
training_1373.png,1920,1080,messi,878, 623, 949, 752
training_1374.png,1920,1080,messi,994, 641, 1065, 770
training_1375.png,1920,1080,messi,1030, 681, 1101, 810
training_1376.png,1920,1080,messi,1012, 689, 1083, 818
training_1377.png,1920,1080,messi,960, 697, 1031, 826
training_1378.png,1920,1080,messi,910, 693, 981, 822
training_1379.png,1920,1080,messi,832, 677, 903, 806
training_1380.png,1920,1080,messi,786, 679, 857, 808
training_1384.png,1920,1080,messi,922, 563, 1010, 718
training_1385.png,1920,1080,messi,912, 491, 1000, 646
training_1386.png,1920,1080,messi,888, 467, 976, 622
training_1387.png,1920,1080,messi,698, 461, 786, 616
training_1389.png,1920,1080,messi,712, 472, 778, 622
training_1392.png,1920,1080,messi,1048, 463, 1120, 611
training_1393.png,1920,1080,messi,1022, 471, 1094, 619
training_1394.png,1920,1080,messi,992, 477, 1064, 625
training_1395.png,1920,1080,messi,992, 471, 1064, 619
training_1396.png,1920,1080,messi,940, 447, 1012, 595
training_1397.png,1920,1080,messi,862, 387, 934, 535
training_1398.png,1920,1080,messi,728, 423, 800, 571
training_1399.png,1920,1080,messi,642, 461, 714, 609
training_1400.png,1920,1080,messi,716, 483, 788, 631
training_1401.png,1920,1080,messi,868, 473, 940, 621
training_1402.png,1920,1080,messi,866, 465, 938, 613
training_1403.png,1920,1080,messi,738, 469, 810, 617
training_1404.png,1920,1080,messi,760, 461, 832, 609
training_1405.png,1920,1080,messi,960, 487, 1032, 635
training_1406.png,1920,1080,messi,1032, 535, 1104, 683
training_1407.png,1920,1080,messi,674, 679, 763, 841
training_1408.png,1920,1080,messi,558, 671, 647, 833
training_1409.png,1920,1080,messi,352, 691, 441, 853